Year,Growth Rate,Unemployment Rate
2016,4.3,12.4
2017,4.181221001,11.7
2018,5.314121037,9.8
2019,5.557683888,7.8
2020,3.569669475,9.2
2021,3.326742091,9.3
